experiment_id,scenario,sampled_at,sampled_at_ms,elapsed_ms,elapsed_source,approximate_visible,approximate_not_visible,sample_status,sample_error
reaction-20260710T101503.756019711Z,baseline-c100,2026-07-10T10:15:33.783Z,1783678533783,-15,first_a_sqs_sent_timestamp,0,0,ok,
reaction-20260710T101503.756019711Z,fair-c100,2026-07-10T10:15:33.952Z,1783678533952,51,first_a_sqs_sent_timestamp,0,0,ok,
reaction-20260710T101503.756019711Z,baseline-c100,2026-07-10T10:15:34.792Z,1783678534792,994,first_a_sqs_sent_timestamp,0,0,ok,
reaction-20260710T101503.756019711Z,fair-c100,2026-07-10T10:15:34.819Z,1783678534819,918,first_a_sqs_sent_timestamp,0,0,ok,
reaction-20260710T101503.756019711Z,baseline-c100,2026-07-10T10:15:35.784Z,1783678535784,1986,first_a_sqs_sent_timestamp,0,0,ok,
reaction-20260710T101503.756019711Z,fair-c100,2026-07-10T10:15:35.812Z,1783678535812,1911,first_a_sqs_sent_timestamp,0,0,ok,
reaction-20260710T101503.756019711Z,baseline-c100,2026-07-10T10:15:36.783Z,1783678536783,2985,first_a_sqs_sent_timestamp,180,0,ok,
reaction-20260710T101503.756019711Z,fair-c100,2026-07-10T10:15:36.81Z,1783678536810,2909,first_a_sqs_sent_timestamp,0,20,ok,
reaction-20260710T101503.756019711Z,baseline-c100,2026-07-10T10:15:37.783Z,1783678537783,3985,first_a_sqs_sent_timestamp,0,0,ok,
reaction-20260710T101503.756019711Z,fair-c100,2026-07-10T10:15:37.809Z,1783678537809,3908,first_a_sqs_sent_timestamp,0,0,ok,
reaction-20260710T101503.756019711Z,baseline-c100,2026-07-10T10:15:38.782Z,1783678538782,4984,first_a_sqs_sent_timestamp,4863,85,ok,
reaction-20260710T101503.756019711Z,fair-c100,2026-07-10T10:15:38.811Z,1783678538811,4910,first_a_sqs_sent_timestamp,0,0,ok,
reaction-20260710T101503.756019711Z,baseline-c100,2026-07-10T10:15:39.782Z,1783678539782,5984,first_a_sqs_sent_timestamp,0,20,ok,
reaction-20260710T101503.756019711Z,fair-c100,2026-07-10T10:15:39.809Z,1783678539809,5908,first_a_sqs_sent_timestamp,0,0,ok,
reaction-20260710T101503.756019711Z,baseline-c100,2026-07-10T10:15:40.783Z,1783678540783,6985,first_a_sqs_sent_timestamp,4871,84,ok,
reaction-20260710T101503.756019711Z,fair-c100,2026-07-10T10:15:40.811Z,1783678540811,6910,first_a_sqs_sent_timestamp,4824,95,ok,
reaction-20260710T101503.756019711Z,baseline-c100,2026-07-10T10:15:41.782Z,1783678541782,7984,first_a_sqs_sent_timestamp,0,0,ok,
reaction-20260710T101503.756019711Z,fair-c100,2026-07-10T10:15:41.809Z,1783678541809,7908,first_a_sqs_sent_timestamp,4850,70,ok,
reaction-20260710T101503.756019711Z,baseline-c100,2026-07-10T10:15:42.785Z,1783678542785,8987,first_a_sqs_sent_timestamp,0,0,ok,
reaction-20260710T101503.756019711Z,fair-c100,2026-07-10T10:15:42.816Z,1783678542816,8915,first_a_sqs_sent_timestamp,0,20,ok,
reaction-20260710T101503.756019711Z,baseline-c100,2026-07-10T10:15:43.787Z,1783678543787,9989,first_a_sqs_sent_timestamp,4863,85,ok,
reaction-20260710T101503.756019711Z,fair-c100,2026-07-10T10:15:43.815Z,1783678543815,9914,first_a_sqs_sent_timestamp,0,0,ok,
reaction-20260710T101503.756019711Z,baseline-c100,2026-07-10T10:15:44.786Z,1783678544786,10988,first_a_sqs_sent_timestamp,4655,100,ok,
reaction-20260710T101503.756019711Z,fair-c100,2026-07-10T10:15:44.816Z,1783678544816,10915,first_a_sqs_sent_timestamp,0,0,ok,
reaction-20260710T101503.756019711Z,baseline-c100,2026-07-10T10:15:45.785Z,1783678545785,11987,first_a_sqs_sent_timestamp,4927,93,ok,
reaction-20260710T101503.756019711Z,fair-c100,2026-07-10T10:15:45.814Z,1783678545814,11913,first_a_sqs_sent_timestamp,4899,60,ok,
reaction-20260710T101503.756019711Z,baseline-c100,2026-07-10T10:15:46.782Z,1783678546782,12984,first_a_sqs_sent_timestamp,4735,97,ok,
reaction-20260710T101503.756019711Z,fair-c100,2026-07-10T10:15:46.809Z,1783678546809,12908,first_a_sqs_sent_timestamp,4740,75,ok,
reaction-20260710T101503.756019711Z,baseline-c100,2026-07-10T10:15:47.783Z,1783678547783,13985,first_a_sqs_sent_timestamp,4871,84,ok,
reaction-20260710T101503.756019711Z,fair-c100,2026-07-10T10:15:47.81Z,1783678547810,13909,first_a_sqs_sent_timestamp,4694,81,ok,
reaction-20260710T101503.756019711Z,baseline-c100,2026-07-10T10:15:48.787Z,1783678548787,14989,first_a_sqs_sent_timestamp,4600,82,ok,
reaction-20260710T101503.756019711Z,fair-c100,2026-07-10T10:15:48.814Z,1783678548814,14913,first_a_sqs_sent_timestamp,4650,80,ok,
reaction-20260710T101503.756019711Z,baseline-c100,2026-07-10T10:15:49.785Z,1783678549785,15987,first_a_sqs_sent_timestamp,4816,86,ok,
reaction-20260710T101503.756019711Z,fair-c100,2026-07-10T10:15:49.814Z,1783678549814,15913,first_a_sqs_sent_timestamp,4825,100,ok,
reaction-20260710T101503.756019711Z,baseline-c100,2026-07-10T10:15:50.787Z,1783678550787,16989,first_a_sqs_sent_timestamp,4732,88,ok,
reaction-20260710T101503.756019711Z,fair-c100,2026-07-10T10:15:50.815Z,1783678550815,16914,first_a_sqs_sent_timestamp,4650,84,ok,
reaction-20260710T101503.756019711Z,baseline-c100,2026-07-10T10:15:51.781Z,1783678551781,17983,first_a_sqs_sent_timestamp,4427,97,ok,
reaction-20260710T101503.756019711Z,fair-c100,2026-07-10T10:15:51.81Z,1783678551810,17909,first_a_sqs_sent_timestamp,4498,101,ok,
reaction-20260710T101503.756019711Z,baseline-c100,2026-07-10T10:15:52.783Z,1783678552783,18985,first_a_sqs_sent_timestamp,4659,102,ok,
reaction-20260710T101503.756019711Z,fair-c100,2026-07-10T10:15:52.814Z,1783678552814,18913,first_a_sqs_sent_timestamp,4472,80,ok,
reaction-20260710T101503.756019711Z,baseline-c100,2026-07-10T10:15:53.785Z,1783678553785,19987,first_a_sqs_sent_timestamp,4426,101,ok,
reaction-20260710T101503.756019711Z,fair-c100,2026-07-10T10:15:53.814Z,1783678553814,19913,first_a_sqs_sent_timestamp,4741,80,ok,
reaction-20260710T101503.756019711Z,baseline-c100,2026-07-10T10:15:54.782Z,1783678554782,20984,first_a_sqs_sent_timestamp,4426,101,ok,
reaction-20260710T101503.756019711Z,fair-c100,2026-07-10T10:15:54.808Z,1783678554808,20907,first_a_sqs_sent_timestamp,4473,69,ok,
reaction-20260710T101503.756019711Z,baseline-c100,2026-07-10T10:15:55.781Z,1783678555781,21983,first_a_sqs_sent_timestamp,4492,79,ok,
reaction-20260710T101503.756019711Z,fair-c100,2026-07-10T10:15:55.807Z,1783678555807,21906,first_a_sqs_sent_timestamp,4473,73,ok,
reaction-20260710T101503.756019711Z,baseline-c100,2026-07-10T10:15:56.783Z,1783678556783,22985,first_a_sqs_sent_timestamp,4428,100,ok,
reaction-20260710T101503.756019711Z,fair-c100,2026-07-10T10:15:56.811Z,1783678556811,22910,first_a_sqs_sent_timestamp,4647,80,ok,
reaction-20260710T101503.756019711Z,baseline-c100,2026-07-10T10:15:57.781Z,1783678557781,23983,first_a_sqs_sent_timestamp,4303,83,ok,
reaction-20260710T101503.756019711Z,fair-c100,2026-07-10T10:15:57.807Z,1783678557807,23906,first_a_sqs_sent_timestamp,4697,90,ok,
reaction-20260710T101503.756019711Z,baseline-c100,2026-07-10T10:15:58.781Z,1783678558781,24983,first_a_sqs_sent_timestamp,4272,95,ok,
reaction-20260710T101503.756019711Z,fair-c100,2026-07-10T10:15:58.808Z,1783678558808,24907,first_a_sqs_sent_timestamp,4385,78,ok,
reaction-20260710T101503.756019711Z,baseline-c100,2026-07-10T10:15:59.782Z,1783678559782,25984,first_a_sqs_sent_timestamp,4369,72,ok,
reaction-20260710T101503.756019711Z,fair-c100,2026-07-10T10:15:59.812Z,1783678559812,25911,first_a_sqs_sent_timestamp,4473,79,ok,
reaction-20260710T101503.756019711Z,baseline-c100,2026-07-10T10:16:00.783Z,1783678560783,26985,first_a_sqs_sent_timestamp,4269,98,ok,
reaction-20260710T101503.756019711Z,fair-c100,2026-07-10T10:16:00.808Z,1783678560808,26907,first_a_sqs_sent_timestamp,4232,93,ok,
reaction-20260710T101503.756019711Z,baseline-c100,2026-07-10T10:16:01.786Z,1783678561786,27988,first_a_sqs_sent_timestamp,4598,89,ok,
reaction-20260710T101503.756019711Z,fair-c100,2026-07-10T10:16:01.814Z,1783678561814,27913,first_a_sqs_sent_timestamp,4496,103,ok,
reaction-20260710T101503.756019711Z,baseline-c100,2026-07-10T10:16:02.78Z,1783678562780,28982,first_a_sqs_sent_timestamp,4302,81,ok,
reaction-20260710T101503.756019711Z,fair-c100,2026-07-10T10:16:02.809Z,1783678562809,28908,first_a_sqs_sent_timestamp,4233,87,ok,
reaction-20260710T101503.756019711Z,baseline-c100,2026-07-10T10:16:03.781Z,1783678563781,29983,first_a_sqs_sent_timestamp,4740,107,ok,
reaction-20260710T101503.756019711Z,fair-c100,2026-07-10T10:16:03.808Z,1783678563808,29907,first_a_sqs_sent_timestamp,4076,99,ok,
reaction-20260710T101503.756019711Z,baseline-c100,2026-07-10T10:16:04.781Z,1783678564781,30983,first_a_sqs_sent_timestamp,4118,93,ok,
reaction-20260710T101503.756019711Z,fair-c100,2026-07-10T10:16:04.81Z,1783678564810,30909,first_a_sqs_sent_timestamp,4153,99,ok,
reaction-20260710T101503.756019711Z,baseline-c100,2026-07-10T10:16:05.783Z,1783678565783,31985,first_a_sqs_sent_timestamp,4038,93,ok,
reaction-20260710T101503.756019711Z,fair-c100,2026-07-10T10:16:05.809Z,1783678565809,31908,first_a_sqs_sent_timestamp,3997,94,ok,
reaction-20260710T101503.756019711Z,baseline-c100,2026-07-10T10:16:06.78Z,1783678566780,32982,first_a_sqs_sent_timestamp,4254,73,ok,
reaction-20260710T101503.756019711Z,fair-c100,2026-07-10T10:16:06.807Z,1783678566807,32906,first_a_sqs_sent_timestamp,4102,94,ok,
reaction-20260710T101503.756019711Z,baseline-c100,2026-07-10T10:16:07.783Z,1783678567783,33985,first_a_sqs_sent_timestamp,4038,93,ok,
reaction-20260710T101503.756019711Z,fair-c100,2026-07-10T10:16:07.81Z,1783678567810,33909,first_a_sqs_sent_timestamp,4667,108,ok,
reaction-20260710T101503.756019711Z,baseline-c100,2026-07-10T10:16:08.781Z,1783678568781,34983,first_a_sqs_sent_timestamp,3859,100,ok,
reaction-20260710T101503.756019711Z,fair-c100,2026-07-10T10:16:08.807Z,1783678568807,34906,first_a_sqs_sent_timestamp,3998,98,ok,
reaction-20260710T101503.756019711Z,baseline-c100,2026-07-10T10:16:09.783Z,1783678569783,35985,first_a_sqs_sent_timestamp,3859,91,ok,
reaction-20260710T101503.756019711Z,fair-c100,2026-07-10T10:16:09.812Z,1783678569812,35911,first_a_sqs_sent_timestamp,4153,89,ok,
reaction-20260710T101503.756019711Z,baseline-c100,2026-07-10T10:16:10.786Z,1783678570786,36988,first_a_sqs_sent_timestamp,4000,61,ok,
reaction-20260710T101503.756019711Z,fair-c100,2026-07-10T10:16:10.813Z,1783678570813,36912,first_a_sqs_sent_timestamp,3844,84,ok,
reaction-20260710T101503.756019711Z,baseline-c100,2026-07-10T10:16:11.782Z,1783678571782,37984,first_a_sqs_sent_timestamp,4036,84,ok,
reaction-20260710T101503.756019711Z,fair-c100,2026-07-10T10:16:11.809Z,1783678571809,37908,first_a_sqs_sent_timestamp,4074,86,ok,
reaction-20260710T101503.756019711Z,baseline-c100,2026-07-10T10:16:12.782Z,1783678572782,38984,first_a_sqs_sent_timestamp,3859,91,ok,
reaction-20260710T101503.756019711Z,fair-c100,2026-07-10T10:16:12.808Z,1783678572808,38907,first_a_sqs_sent_timestamp,3754,87,ok,
reaction-20260710T101503.756019711Z,baseline-c100,2026-07-10T10:16:13.782Z,1783678573782,39984,first_a_sqs_sent_timestamp,3687,81,ok,
reaction-20260710T101503.756019711Z,fair-c100,2026-07-10T10:16:13.81Z,1783678573810,39909,first_a_sqs_sent_timestamp,3658,98,ok,
reaction-20260710T101503.756019711Z,baseline-c100,2026-07-10T10:16:14.787Z,1783678574787,40989,first_a_sqs_sent_timestamp,3649,94,ok,
reaction-20260710T101503.756019711Z,fair-c100,2026-07-10T10:16:14.82Z,1783678574820,40919,first_a_sqs_sent_timestamp,3845,88,ok,
reaction-20260710T101503.756019711Z,baseline-c100,2026-07-10T10:16:15.78Z,1783678575780,41982,first_a_sqs_sent_timestamp,3594,94,ok,
reaction-20260710T101503.756019711Z,fair-c100,2026-07-10T10:16:15.806Z,1783678575806,41905,first_a_sqs_sent_timestamp,3659,109,ok,
reaction-20260710T101503.756019711Z,baseline-c100,2026-07-10T10:16:16.781Z,1783678576781,42983,first_a_sqs_sent_timestamp,3468,81,ok,
reaction-20260710T101503.756019711Z,fair-c100,2026-07-10T10:16:16.808Z,1783678576808,42907,first_a_sqs_sent_timestamp,3756,90,ok,
reaction-20260710T101503.756019711Z,baseline-c100,2026-07-10T10:16:17.784Z,1783678577784,43986,first_a_sqs_sent_timestamp,3649,94,ok,
reaction-20260710T101503.756019711Z,fair-c100,2026-07-10T10:16:17.809Z,1783678577809,43908,first_a_sqs_sent_timestamp,3657,98,ok,
reaction-20260710T101503.756019711Z,baseline-c100,2026-07-10T10:16:18.783Z,1783678578783,44985,first_a_sqs_sent_timestamp,3687,90,ok,
reaction-20260710T101503.756019711Z,fair-c100,2026-07-10T10:16:18.81Z,1783678578810,44909,first_a_sqs_sent_timestamp,3754,87,ok,
reaction-20260710T101503.756019711Z,baseline-c100,2026-07-10T10:16:19.798Z,1783678579798,46000,first_a_sqs_sent_timestamp,3594,94,ok,
reaction-20260710T101503.756019711Z,fair-c100,2026-07-10T10:16:19.833Z,1783678579833,45932,first_a_sqs_sent_timestamp,3404,99,ok,
reaction-20260710T101503.756019711Z,baseline-c100,2026-07-10T10:16:20.781Z,1783678580781,46983,first_a_sqs_sent_timestamp,3650,94,ok,
reaction-20260710T101503.756019711Z,fair-c100,2026-07-10T10:16:20.807Z,1783678580807,46906,first_a_sqs_sent_timestamp,3310,106,ok,
reaction-20260710T101503.756019711Z,baseline-c100,2026-07-10T10:16:21.782Z,1783678581782,47984,first_a_sqs_sent_timestamp,3259,94,ok,
reaction-20260710T101503.756019711Z,fair-c100,2026-07-10T10:16:21.808Z,1783678581808,47907,first_a_sqs_sent_timestamp,3374,77,ok,
reaction-20260710T101503.756019711Z,baseline-c100,2026-07-10T10:16:22.783Z,1783678582783,48985,first_a_sqs_sent_timestamp,3259,94,ok,
reaction-20260710T101503.756019711Z,fair-c100,2026-07-10T10:16:22.81Z,1783678582810,48909,first_a_sqs_sent_timestamp,3658,98,ok,
reaction-20260710T101503.756019711Z,baseline-c100,2026-07-10T10:16:23.783Z,1783678583783,49985,first_a_sqs_sent_timestamp,3468,81,ok,
reaction-20260710T101503.756019711Z,fair-c100,2026-07-10T10:16:23.81Z,1783678583810,49909,first_a_sqs_sent_timestamp,3404,99,ok,
reaction-20260710T101503.756019711Z,baseline-c100,2026-07-10T10:16:24.78Z,1783678584780,50982,first_a_sqs_sent_timestamp,3276,96,ok,
reaction-20260710T101503.756019711Z,fair-c100,2026-07-10T10:16:24.807Z,1783678584807,50906,first_a_sqs_sent_timestamp,3204,79,ok,
reaction-20260710T101503.756019711Z,baseline-c100,2026-07-10T10:16:25.783Z,1783678585783,51985,first_a_sqs_sent_timestamp,3181,89,ok,
reaction-20260710T101503.756019711Z,fair-c100,2026-07-10T10:16:25.809Z,1783678585809,51908,first_a_sqs_sent_timestamp,3310,94,ok,
reaction-20260710T101503.756019711Z,baseline-c100,2026-07-10T10:16:26.781Z,1783678586781,52983,first_a_sqs_sent_timestamp,3259,94,ok,
reaction-20260710T101503.756019711Z,fair-c100,2026-07-10T10:16:26.806Z,1783678586806,52905,first_a_sqs_sent_timestamp,3138,90,ok,
reaction-20260710T101503.756019711Z,baseline-c100,2026-07-10T10:16:27.782Z,1783678587782,53984,first_a_sqs_sent_timestamp,3276,96,ok,
reaction-20260710T101503.756019711Z,fair-c100,2026-07-10T10:16:27.811Z,1783678587811,53910,first_a_sqs_sent_timestamp,3374,77,ok,
reaction-20260710T101503.756019711Z,baseline-c100,2026-07-10T10:16:28.781Z,1783678588781,54983,first_a_sqs_sent_timestamp,2980,87,ok,
reaction-20260710T101503.756019711Z,fair-c100,2026-07-10T10:16:28.806Z,1783678588806,54905,first_a_sqs_sent_timestamp,3066,76,ok,
reaction-20260710T101503.756019711Z,baseline-c100,2026-07-10T10:16:29.782Z,1783678589782,55984,first_a_sqs_sent_timestamp,2943,94,ok,
reaction-20260710T101503.756019711Z,fair-c100,2026-07-10T10:16:29.809Z,1783678589809,55908,first_a_sqs_sent_timestamp,3058,78,ok,
reaction-20260710T101503.756019711Z,baseline-c100,2026-07-10T10:16:30.782Z,1783678590782,56984,first_a_sqs_sent_timestamp,2980,87,ok,
reaction-20260710T101503.756019711Z,fair-c100,2026-07-10T10:16:30.809Z,1783678590809,56908,first_a_sqs_sent_timestamp,3058,78,ok,
reaction-20260710T101503.756019711Z,baseline-c100,2026-07-10T10:16:31.782Z,1783678591782,57984,first_a_sqs_sent_timestamp,3124,69,ok,
reaction-20260710T101503.756019711Z,fair-c100,2026-07-10T10:16:31.81Z,1783678591810,57909,first_a_sqs_sent_timestamp,2969,92,ok,
reaction-20260710T101503.756019711Z,baseline-c100,2026-07-10T10:16:32.783Z,1783678592783,58985,first_a_sqs_sent_timestamp,3115,70,ok,
reaction-20260710T101503.756019711Z,fair-c100,2026-07-10T10:16:32.812Z,1783678592812,58911,first_a_sqs_sent_timestamp,3204,79,ok,
reaction-20260710T101503.756019711Z,baseline-c100,2026-07-10T10:16:33.782Z,1783678593782,59984,first_a_sqs_sent_timestamp,2943,94,ok,
reaction-20260710T101503.756019711Z,fair-c100,2026-07-10T10:16:33.808Z,1783678593808,59907,first_a_sqs_sent_timestamp,2746,100,ok,
reaction-20260710T101503.756019711Z,baseline-c100,2026-07-10T10:16:34.784Z,1783678594784,60986,first_a_sqs_sent_timestamp,2980,87,ok,
reaction-20260710T101503.756019711Z,fair-c100,2026-07-10T10:16:34.81Z,1783678594810,60909,first_a_sqs_sent_timestamp,2728,84,ok,
reaction-20260710T101503.756019711Z,baseline-c100,2026-07-10T10:16:35.783Z,1783678595783,61985,first_a_sqs_sent_timestamp,2678,97,ok,
reaction-20260710T101503.756019711Z,fair-c100,2026-07-10T10:16:35.809Z,1783678595809,61908,first_a_sqs_sent_timestamp,2728,84,ok,
reaction-20260710T101503.756019711Z,baseline-c100,2026-07-10T10:16:36.782Z,1783678596782,62984,first_a_sqs_sent_timestamp,2732,57,ok,
reaction-20260710T101503.756019711Z,fair-c100,2026-07-10T10:16:36.808Z,1783678596808,62907,first_a_sqs_sent_timestamp,2972,95,ok,
reaction-20260710T101503.756019711Z,baseline-c100,2026-07-10T10:16:37.781Z,1783678597781,63983,first_a_sqs_sent_timestamp,2641,92,ok,
reaction-20260710T101503.756019711Z,fair-c100,2026-07-10T10:16:37.808Z,1783678597808,63907,first_a_sqs_sent_timestamp,2969,92,ok,
reaction-20260710T101503.756019711Z,baseline-c100,2026-07-10T10:16:38.782Z,1783678598782,64984,first_a_sqs_sent_timestamp,2732,57,ok,
reaction-20260710T101503.756019711Z,fair-c100,2026-07-10T10:16:38.808Z,1783678598808,64907,first_a_sqs_sent_timestamp,2536,99,ok,
reaction-20260710T101503.756019711Z,baseline-c100,2026-07-10T10:16:39.782Z,1783678599782,65984,first_a_sqs_sent_timestamp,2772,84,ok,
reaction-20260710T101503.756019711Z,fair-c100,2026-07-10T10:16:39.809Z,1783678599809,65908,first_a_sqs_sent_timestamp,2536,99,ok,
reaction-20260710T101503.756019711Z,baseline-c100,2026-07-10T10:16:40.781Z,1783678600781,66983,first_a_sqs_sent_timestamp,2678,97,ok,
reaction-20260710T101503.756019711Z,fair-c100,2026-07-10T10:16:40.915Z,1783678600915,67014,first_a_sqs_sent_timestamp,2746,100,ok,
reaction-20260710T101503.756019711Z,baseline-c100,2026-07-10T10:16:41.782Z,1783678601782,67984,first_a_sqs_sent_timestamp,2681,97,ok,
reaction-20260710T101503.756019711Z,fair-c100,2026-07-10T10:16:41.808Z,1783678601808,67907,first_a_sqs_sent_timestamp,2728,84,ok,
reaction-20260710T101503.756019711Z,baseline-c100,2026-07-10T10:16:42.782Z,1783678602782,68984,first_a_sqs_sent_timestamp,2462,94,ok,
reaction-20260710T101503.756019711Z,fair-c100,2026-07-10T10:16:42.809Z,1783678602809,68908,first_a_sqs_sent_timestamp,2367,85,ok,
reaction-20260710T101503.756019711Z,baseline-c100,2026-07-10T10:16:43.781Z,1783678603781,69983,first_a_sqs_sent_timestamp,2329,85,ok,
reaction-20260710T101503.756019711Z,fair-c100,2026-07-10T10:16:43.818Z,1783678603818,69917,first_a_sqs_sent_timestamp,2812,80,ok,
reaction-20260710T101503.756019711Z,baseline-c100,2026-07-10T10:16:44.781Z,1783678604781,70983,first_a_sqs_sent_timestamp,2412,92,ok,
reaction-20260710T101503.756019711Z,fair-c100,2026-07-10T10:16:44.808Z,1783678604808,70907,first_a_sqs_sent_timestamp,2266,101,ok,
reaction-20260710T101503.756019711Z,baseline-c100,2026-07-10T10:16:45.785Z,1783678605785,71987,first_a_sqs_sent_timestamp,2462,94,ok,
reaction-20260710T101503.756019711Z,fair-c100,2026-07-10T10:16:45.813Z,1783678605813,71912,first_a_sqs_sent_timestamp,2574,92,ok,
reaction-20260710T101503.756019711Z,baseline-c100,2026-07-10T10:16:46.783Z,1783678606783,72985,first_a_sqs_sent_timestamp,2156,95,ok,
reaction-20260710T101503.756019711Z,fair-c100,2026-07-10T10:16:46.809Z,1783678606809,72908,first_a_sqs_sent_timestamp,2367,85,ok,
reaction-20260710T101503.756019711Z,baseline-c100,2026-07-10T10:16:47.79Z,1783678607790,73992,first_a_sqs_sent_timestamp,2372,90,ok,
reaction-20260710T101503.756019711Z,fair-c100,2026-07-10T10:16:47.818Z,1783678607818,73917,first_a_sqs_sent_timestamp,2274,93,ok,
reaction-20260710T101503.756019711Z,baseline-c100,2026-07-10T10:16:48.787Z,1783678608787,74989,first_a_sqs_sent_timestamp,2074,82,ok,
reaction-20260710T101503.756019711Z,fair-c100,2026-07-10T10:16:48.817Z,1783678608817,74916,first_a_sqs_sent_timestamp,2185,87,ok,
reaction-20260710T101503.756019711Z,baseline-c100,2026-07-10T10:16:49.783Z,1783678609783,75985,first_a_sqs_sent_timestamp,2074,82,ok,
reaction-20260710T101503.756019711Z,fair-c100,2026-07-10T10:16:49.811Z,1783678609811,75910,first_a_sqs_sent_timestamp,2185,87,ok,
reaction-20260710T101503.756019711Z,baseline-c100,2026-07-10T10:16:50.781Z,1783678610781,76983,first_a_sqs_sent_timestamp,2152,97,ok,
reaction-20260710T101503.756019711Z,fair-c100,2026-07-10T10:16:50.809Z,1783678610809,76908,first_a_sqs_sent_timestamp,2185,87,ok,
reaction-20260710T101503.756019711Z,baseline-c100,2026-07-10T10:16:51.785Z,1783678611785,77987,first_a_sqs_sent_timestamp,1987,84,ok,
reaction-20260710T101503.756019711Z,fair-c100,2026-07-10T10:16:51.816Z,1783678611816,77915,first_a_sqs_sent_timestamp,2101,89,ok,
reaction-20260710T101503.756019711Z,baseline-c100,2026-07-10T10:16:52.78Z,1783678612780,78982,first_a_sqs_sent_timestamp,2156,95,ok,
reaction-20260710T101503.756019711Z,fair-c100,2026-07-10T10:16:52.807Z,1783678612807,78906,first_a_sqs_sent_timestamp,1898,89,ok,
reaction-20260710T101503.756019711Z,baseline-c100,2026-07-10T10:16:53.786Z,1783678613786,79988,first_a_sqs_sent_timestamp,2329,85,ok,
reaction-20260710T101503.756019711Z,fair-c100,2026-07-10T10:16:53.814Z,1783678613814,79913,first_a_sqs_sent_timestamp,2023,79,ok,
reaction-20260710T101503.756019711Z,baseline-c100,2026-07-10T10:16:54.781Z,1783678614781,80983,first_a_sqs_sent_timestamp,2412,92,ok,
reaction-20260710T101503.756019711Z,fair-c100,2026-07-10T10:16:54.808Z,1783678614808,80907,first_a_sqs_sent_timestamp,2023,79,ok,
reaction-20260710T101503.756019711Z,baseline-c100,2026-07-10T10:16:55.785Z,1783678615785,81987,first_a_sqs_sent_timestamp,1837,96,ok,
reaction-20260710T101503.756019711Z,fair-c100,2026-07-10T10:16:55.814Z,1783678615814,81913,first_a_sqs_sent_timestamp,2185,87,ok,
reaction-20260710T101503.756019711Z,baseline-c100,2026-07-10T10:16:56.782Z,1783678616782,82984,first_a_sqs_sent_timestamp,2152,97,ok,
reaction-20260710T101503.756019711Z,fair-c100,2026-07-10T10:16:56.807Z,1783678616807,82906,first_a_sqs_sent_timestamp,1759,97,ok,
reaction-20260710T101503.756019711Z,baseline-c100,2026-07-10T10:16:57.78Z,1783678617780,83982,first_a_sqs_sent_timestamp,1797,100,ok,
reaction-20260710T101503.756019711Z,fair-c100,2026-07-10T10:16:57.807Z,1783678617807,83906,first_a_sqs_sent_timestamp,2101,89,ok,
reaction-20260710T101503.756019711Z,baseline-c100,2026-07-10T10:16:58.783Z,1783678618783,84985,first_a_sqs_sent_timestamp,1610,90,ok,
reaction-20260710T101503.756019711Z,fair-c100,2026-07-10T10:16:58.818Z,1783678618818,84917,first_a_sqs_sent_timestamp,2191,86,ok,
reaction-20260710T101503.756019711Z,baseline-c100,2026-07-10T10:16:59.788Z,1783678619788,85990,first_a_sqs_sent_timestamp,1750,89,ok,
reaction-20260710T101503.756019711Z,fair-c100,2026-07-10T10:16:59.821Z,1783678619821,85920,first_a_sqs_sent_timestamp,1759,98,ok,
reaction-20260710T101503.756019711Z,baseline-c100,2026-07-10T10:17:00.782Z,1783678620782,86984,first_a_sqs_sent_timestamp,1610,90,ok,
reaction-20260710T101503.756019711Z,fair-c100,2026-07-10T10:17:00.809Z,1783678620809,86908,first_a_sqs_sent_timestamp,1646,74,ok,
reaction-20260710T101503.756019711Z,baseline-c100,2026-07-10T10:17:01.784Z,1783678621784,87986,first_a_sqs_sent_timestamp,1610,90,ok,
reaction-20260710T101503.756019711Z,fair-c100,2026-07-10T10:17:01.816Z,1783678621816,87915,first_a_sqs_sent_timestamp,1759,98,ok,
reaction-20260710T101503.756019711Z,baseline-c100,2026-07-10T10:17:02.782Z,1783678622782,88984,first_a_sqs_sent_timestamp,1837,96,ok,
reaction-20260710T101503.756019711Z,fair-c100,2026-07-10T10:17:02.809Z,1783678622809,88908,first_a_sqs_sent_timestamp,1664,95,ok,
reaction-20260710T101503.756019711Z,baseline-c100,2026-07-10T10:17:03.783Z,1783678623783,89985,first_a_sqs_sent_timestamp,1414,85,ok,
reaction-20260710T101503.756019711Z,fair-c100,2026-07-10T10:17:03.818Z,1783678623818,89917,first_a_sqs_sent_timestamp,1759,97,ok,
reaction-20260710T101503.756019711Z,baseline-c100,2026-07-10T10:17:04.782Z,1783678624782,90984,first_a_sqs_sent_timestamp,1531,86,ok,
reaction-20260710T101503.756019711Z,fair-c100,2026-07-10T10:17:04.814Z,1783678624814,90913,first_a_sqs_sent_timestamp,1664,95,ok,
reaction-20260710T101503.756019711Z,baseline-c100,2026-07-10T10:17:05.79Z,1783678625790,91992,first_a_sqs_sent_timestamp,1531,86,ok,
reaction-20260710T101503.756019711Z,fair-c100,2026-07-10T10:17:05.817Z,1783678625817,91916,first_a_sqs_sent_timestamp,1646,74,ok,
reaction-20260710T101503.756019711Z,baseline-c100,2026-07-10T10:17:06.781Z,1783678626781,92983,first_a_sqs_sent_timestamp,1797,100,ok,
reaction-20260710T101503.756019711Z,fair-c100,2026-07-10T10:17:06.81Z,1783678626810,92909,first_a_sqs_sent_timestamp,1574,90,ok,
reaction-20260710T101503.756019711Z,baseline-c100,2026-07-10T10:17:07.783Z,1783678627783,93985,first_a_sqs_sent_timestamp,1287,85,ok,
reaction-20260710T101503.756019711Z,fair-c100,2026-07-10T10:17:07.967Z,1783678627967,94066,first_a_sqs_sent_timestamp,1275,84,ok,
reaction-20260710T101503.756019711Z,baseline-c100,2026-07-10T10:17:08.782Z,1783678628782,94984,first_a_sqs_sent_timestamp,1173,98,ok,
reaction-20260710T101503.756019711Z,fair-c100,2026-07-10T10:17:08.81Z,1783678628810,94909,first_a_sqs_sent_timestamp,1274,84,ok,
reaction-20260710T101503.756019711Z,baseline-c100,2026-07-10T10:17:09.783Z,1783678629783,95985,first_a_sqs_sent_timestamp,1363,82,ok,
reaction-20260710T101503.756019711Z,fair-c100,2026-07-10T10:17:09.81Z,1783678629810,95909,first_a_sqs_sent_timestamp,1316,96,ok,
reaction-20260710T101503.756019711Z,baseline-c100,2026-07-10T10:17:10.783Z,1783678630783,96985,first_a_sqs_sent_timestamp,1223,95,ok,
reaction-20260710T101503.756019711Z,fair-c100,2026-07-10T10:17:10.811Z,1783678630811,96910,first_a_sqs_sent_timestamp,1274,84,ok,
reaction-20260710T101503.756019711Z,baseline-c100,2026-07-10T10:17:11.783Z,1783678631783,97985,first_a_sqs_sent_timestamp,1310,82,ok,
reaction-20260710T101503.756019711Z,fair-c100,2026-07-10T10:17:11.81Z,1783678631810,97909,first_a_sqs_sent_timestamp,1316,96,ok,
reaction-20260710T101503.756019711Z,baseline-c100,2026-07-10T10:17:12.784Z,1783678632784,98986,first_a_sqs_sent_timestamp,1103,92,ok,
reaction-20260710T101503.756019711Z,fair-c100,2026-07-10T10:17:12.811Z,1783678632811,98910,first_a_sqs_sent_timestamp,1410,84,ok,
reaction-20260710T101503.756019711Z,baseline-c100,2026-07-10T10:17:13.783Z,1783678633783,99985,first_a_sqs_sent_timestamp,1223,95,ok,
reaction-20260710T101503.756019711Z,fair-c100,2026-07-10T10:17:13.81Z,1783678633810,99909,first_a_sqs_sent_timestamp,1227,79,ok,
reaction-20260710T101503.756019711Z,baseline-c100,2026-07-10T10:17:14.783Z,1783678634783,100985,first_a_sqs_sent_timestamp,1173,98,ok,
reaction-20260710T101503.756019711Z,fair-c100,2026-07-10T10:17:14.814Z,1783678634814,100913,first_a_sqs_sent_timestamp,1358,100,ok,
reaction-20260710T101503.756019711Z,baseline-c100,2026-07-10T10:17:15.783Z,1783678635783,101985,first_a_sqs_sent_timestamp,1009,96,ok,
reaction-20260710T101503.756019711Z,fair-c100,2026-07-10T10:17:15.81Z,1783678635810,101909,first_a_sqs_sent_timestamp,938,86,ok,
reaction-20260710T101503.756019711Z,baseline-c100,2026-07-10T10:17:16.782Z,1783678636782,102984,first_a_sqs_sent_timestamp,1103,92,ok,
reaction-20260710T101503.756019711Z,fair-c100,2026-07-10T10:17:16.809Z,1783678636809,102908,first_a_sqs_sent_timestamp,1021,91,ok,
reaction-20260710T101503.756019711Z,baseline-c100,2026-07-10T10:17:17.785Z,1783678637785,103987,first_a_sqs_sent_timestamp,871,88,ok,
reaction-20260710T101503.756019711Z,fair-c100,2026-07-10T10:17:17.812Z,1783678637812,103911,first_a_sqs_sent_timestamp,1054,99,ok,
reaction-20260710T101503.756019711Z,baseline-c100,2026-07-10T10:17:18.784Z,1783678638784,104986,first_a_sqs_sent_timestamp,871,88,ok,
reaction-20260710T101503.756019711Z,fair-c100,2026-07-10T10:17:18.814Z,1783678638814,104913,first_a_sqs_sent_timestamp,1021,91,ok,
reaction-20260710T101503.756019711Z,baseline-c100,2026-07-10T10:17:19.783Z,1783678639783,105985,first_a_sqs_sent_timestamp,668,96,ok,
reaction-20260710T101503.756019711Z,fair-c100,2026-07-10T10:17:19.813Z,1783678639813,105912,first_a_sqs_sent_timestamp,744,99,ok,
reaction-20260710T101503.756019711Z,baseline-c100,2026-07-10T10:17:20.781Z,1783678640781,106983,first_a_sqs_sent_timestamp,668,96,ok,
reaction-20260710T101503.756019711Z,fair-c100,2026-07-10T10:17:20.808Z,1783678640808,106907,first_a_sqs_sent_timestamp,667,89,ok,
reaction-20260710T101503.756019711Z,baseline-c100,2026-07-10T10:17:21.786Z,1783678641786,107988,first_a_sqs_sent_timestamp,792,79,ok,
reaction-20260710T101503.756019711Z,fair-c100,2026-07-10T10:17:21.816Z,1783678641816,107915,first_a_sqs_sent_timestamp,667,89,ok,
reaction-20260710T101503.756019711Z,baseline-c100,2026-07-10T10:17:22.785Z,1783678642785,108987,first_a_sqs_sent_timestamp,871,88,ok,
reaction-20260710T101503.756019711Z,fair-c100,2026-07-10T10:17:22.813Z,1783678642813,108912,first_a_sqs_sent_timestamp,744,99,ok,
reaction-20260710T101503.756019711Z,baseline-c100,2026-07-10T10:17:23.783Z,1783678643783,109985,first_a_sqs_sent_timestamp,515,92,ok,
reaction-20260710T101503.756019711Z,fair-c100,2026-07-10T10:17:23.813Z,1783678643813,109912,first_a_sqs_sent_timestamp,703,80,ok,
reaction-20260710T101503.756019711Z,baseline-c100,2026-07-10T10:17:24.782Z,1783678644782,110984,first_a_sqs_sent_timestamp,480,81,ok,
reaction-20260710T101503.756019711Z,fair-c100,2026-07-10T10:17:24.81Z,1783678644810,110909,first_a_sqs_sent_timestamp,624,92,ok,
reaction-20260710T101503.756019711Z,baseline-c100,2026-07-10T10:17:25.782Z,1783678645782,111984,first_a_sqs_sent_timestamp,558,93,ok,
reaction-20260710T101503.756019711Z,fair-c100,2026-07-10T10:17:25.81Z,1783678645810,111909,first_a_sqs_sent_timestamp,624,92,ok,
reaction-20260710T101503.756019711Z,baseline-c100,2026-07-10T10:17:26.784Z,1783678646784,112986,first_a_sqs_sent_timestamp,668,96,ok,
reaction-20260710T101503.756019711Z,fair-c100,2026-07-10T10:17:26.811Z,1783678646811,112910,first_a_sqs_sent_timestamp,667,89,ok,
reaction-20260710T101503.756019711Z,baseline-c100,2026-07-10T10:17:27.783Z,1783678647783,113985,first_a_sqs_sent_timestamp,515,92,ok,
reaction-20260710T101503.756019711Z,fair-c100,2026-07-10T10:17:27.812Z,1783678647812,113911,first_a_sqs_sent_timestamp,954,100,ok,
reaction-20260710T101503.756019711Z,baseline-c100,2026-07-10T10:17:28.783Z,1783678648783,114985,first_a_sqs_sent_timestamp,515,92,ok,
reaction-20260710T101503.756019711Z,fair-c100,2026-07-10T10:17:28.809Z,1783678648809,114908,first_a_sqs_sent_timestamp,343,100,ok,
reaction-20260710T101503.756019711Z,baseline-c100,2026-07-10T10:17:29.785Z,1783678649785,115987,first_a_sqs_sent_timestamp,1414,85,ok,
reaction-20260710T101503.756019711Z,fair-c100,2026-07-10T10:17:29.813Z,1783678649813,115912,first_a_sqs_sent_timestamp,744,99,ok,
reaction-20260710T101503.756019711Z,baseline-c100,2026-07-10T10:17:30.782Z,1783678650782,116984,first_a_sqs_sent_timestamp,255,78,ok,
reaction-20260710T101503.756019711Z,fair-c100,2026-07-10T10:17:30.808Z,1783678650808,116907,first_a_sqs_sent_timestamp,538,71,ok,
reaction-20260710T101503.756019711Z,baseline-c100,2026-07-10T10:17:31.782Z,1783678651782,117984,first_a_sqs_sent_timestamp,332,87,ok,
reaction-20260710T101503.756019711Z,fair-c100,2026-07-10T10:17:31.811Z,1783678651811,117910,first_a_sqs_sent_timestamp,624,92,ok,
reaction-20260710T101503.756019711Z,baseline-c100,2026-07-10T10:17:32.784Z,1783678652784,118986,first_a_sqs_sent_timestamp,255,78,ok,
reaction-20260710T101503.756019711Z,fair-c100,2026-07-10T10:17:32.815Z,1783678652815,118914,first_a_sqs_sent_timestamp,703,80,ok,
reaction-20260710T101503.756019711Z,baseline-c100,2026-07-10T10:17:33.788Z,1783678653788,119990,first_a_sqs_sent_timestamp,213,96,ok,
reaction-20260710T101503.756019711Z,fair-c100,2026-07-10T10:17:33.813Z,1783678653813,119912,first_a_sqs_sent_timestamp,245,99,ok,
reaction-20260710T101503.756019711Z,baseline-c100,2026-07-10T10:17:34.795Z,1783678654795,120997,first_a_sqs_sent_timestamp,112,101,ok,
reaction-20260710T101503.756019711Z,fair-c100,2026-07-10T10:17:34.826Z,1783678654826,120925,first_a_sqs_sent_timestamp,187,58,ok,
reaction-20260710T101503.756019711Z,baseline-c100,2026-07-10T10:17:35.788Z,1783678655788,121990,first_a_sqs_sent_timestamp,112,101,ok,
reaction-20260710T101503.756019711Z,fair-c100,2026-07-10T10:17:35.82Z,1783678655820,121919,first_a_sqs_sent_timestamp,223,84,ok,
reaction-20260710T101503.756019711Z,baseline-c100,2026-07-10T10:17:36.783Z,1783678656783,122985,first_a_sqs_sent_timestamp,332,87,ok,
reaction-20260710T101503.756019711Z,fair-c100,2026-07-10T10:17:36.813Z,1783678656813,122912,first_a_sqs_sent_timestamp,245,99,ok,
reaction-20260710T101503.756019711Z,baseline-c100,2026-07-10T10:17:37.787Z,1783678657787,123989,first_a_sqs_sent_timestamp,213,96,ok,
reaction-20260710T101503.756019711Z,fair-c100,2026-07-10T10:17:37.814Z,1783678657814,123913,first_a_sqs_sent_timestamp,6,88,ok,
reaction-20260710T101503.756019711Z,baseline-c100,2026-07-10T10:17:38.783Z,1783678658783,124985,first_a_sqs_sent_timestamp,516,101,ok,
reaction-20260710T101503.756019711Z,fair-c100,2026-07-10T10:17:38.809Z,1783678658809,124908,first_a_sqs_sent_timestamp,2,90,ok,
reaction-20260710T101503.756019711Z,baseline-c100,2026-07-10T10:17:39.784Z,1783678659784,125986,first_a_sqs_sent_timestamp,112,101,ok,
reaction-20260710T101503.756019711Z,fair-c100,2026-07-10T10:17:39.813Z,1783678659813,125912,first_a_sqs_sent_timestamp,6,88,ok,
reaction-20260710T101503.756019711Z,baseline-c100,2026-07-10T10:17:40.783Z,1783678660783,126985,first_a_sqs_sent_timestamp,0,2,ok,
reaction-20260710T101503.756019711Z,fair-c100,2026-07-10T10:17:40.811Z,1783678660811,126910,first_a_sqs_sent_timestamp,0,0,ok,
reaction-20260710T101503.756019711Z,baseline-c100,2026-07-10T10:17:41.782Z,1783678661782,127984,first_a_sqs_sent_timestamp,0,0,ok,
reaction-20260710T101503.756019711Z,fair-c100,2026-07-10T10:17:41.813Z,1783678661813,127912,first_a_sqs_sent_timestamp,343,100,ok,
reaction-20260710T101503.756019711Z,baseline-c100,2026-07-10T10:17:42.786Z,1783678662786,128988,first_a_sqs_sent_timestamp,0,0,ok,
reaction-20260710T101503.756019711Z,fair-c100,2026-07-10T10:17:42.817Z,1783678662817,128916,first_a_sqs_sent_timestamp,131,93,ok,
reaction-20260710T101503.756019711Z,baseline-c100,2026-07-10T10:17:43.783Z,1783678663783,129985,first_a_sqs_sent_timestamp,0,0,ok,
reaction-20260710T101503.756019711Z,fair-c100,2026-07-10T10:17:43.81Z,1783678663810,129909,first_a_sqs_sent_timestamp,0,0,ok,
reaction-20260710T101503.756019711Z,baseline-c100,2026-07-10T10:17:44.784Z,1783678664784,130986,first_a_sqs_sent_timestamp,0,0,ok,
reaction-20260710T101503.756019711Z,fair-c100,2026-07-10T10:17:44.813Z,1783678664813,130912,first_a_sqs_sent_timestamp,0,0,ok,
reaction-20260710T101503.756019711Z,baseline-c100,2026-07-10T10:17:45.787Z,1783678665787,131989,first_a_sqs_sent_timestamp,0,0,ok,
reaction-20260710T101503.756019711Z,fair-c100,2026-07-10T10:17:45.814Z,1783678665814,131913,first_a_sqs_sent_timestamp,0,0,ok,
reaction-20260710T101503.756019711Z,baseline-c100,2026-07-10T10:17:46.781Z,1783678666781,132983,first_a_sqs_sent_timestamp,0,0,ok,
reaction-20260710T101503.756019711Z,fair-c100,2026-07-10T10:17:46.81Z,1783678666810,132909,first_a_sqs_sent_timestamp,0,0,ok,
reaction-20260710T101503.756019711Z,baseline-c100,2026-07-10T10:17:47.784Z,1783678667784,133986,first_a_sqs_sent_timestamp,0,0,ok,
reaction-20260710T101503.756019711Z,fair-c100,2026-07-10T10:17:47.812Z,1783678667812,133911,first_a_sqs_sent_timestamp,6,88,ok,
reaction-20260710T101503.756019711Z,baseline-c100,2026-07-10T10:17:48.783Z,1783678668783,134985,first_a_sqs_sent_timestamp,0,0,ok,
reaction-20260710T101503.756019711Z,fair-c100,2026-07-10T10:17:48.811Z,1783678668811,134910,first_a_sqs_sent_timestamp,0,0,ok,
reaction-20260710T101503.756019711Z,baseline-c100,2026-07-10T10:17:49.782Z,1783678669782,135984,first_a_sqs_sent_timestamp,0,0,ok,
reaction-20260710T101503.756019711Z,fair-c100,2026-07-10T10:17:49.813Z,1783678669813,135912,first_a_sqs_sent_timestamp,0,0,ok,
